Algorithm,ProofType,TotalCoinsMined,TotalCoinSupply,PC 1,PC 2,PC 3,class,CoinName
Scrypt,PoW/PoS,41.99995383,42.0,-0.3455149842536507,1.0007292356004887,-0.5565149683767591,0,42 Coin
Scrypt,PoW/PoS,1055184902.04,532000000.0,-0.3288426158984892,1.000960521840083,-0.5568167188349878,0,404Coin
X13,PoW/PoS,29279424622.5027,314159265359.0,2.311709516217969,1.6911844474634878,-0.5589191470630306,0,EliteCoin
SHA-256,PoW,17927175.0,21000000.0,-0.14190785775420786,-1.301406792605075,0.20964075145060482,3,Bitcoin
Ethash,PoW,107684222.6865,0.0,-0.14787043567899594,-1.9976228663576134,0.34228250024152446,3,Ethereum
Scrypt,PoW,63039243.3000049,84000000.0,-0.17034829151335118,-1.1636241894130208,-0.05590230283011731,3,Litecoin
X11,PoW/PoS,9031294.37563393,22000000.0,-0.39733023138040396,1.3049621785934495,-0.437128410156231,0,Dash
CryptoNight-V7,PoW,17201143.1449131,0.0,-0.15189376995208828,-2.224354587045917,0.4194323766390299,3,Monero
Ethash,PoW,113359703.0,210000000.0,-0.1463100673366762,-1.997716181640666,0.3422648134663793,3,Ethereum Classic
Equihash,PoW,7383056.25,21000000.0,-0.13735149027520607,-2.1234112004422845,0.3537573566873122,3,ZCash
SHA-512,PoS,2741570000.0,3600570502.0,-0.3940455468115049,1.2430501576605117,-0.243451529118115,0,Bitshares
Multiple,PoW,11406219141.0,21000000000.0,0.1753261311152588,-1.8236195994087114,0.32469434068905667,3,DigiByte
SHA-256,PoW/PoS,1288862.0,22000000.0,-0.31590399347287484,0.8629286798689577,-0.2909899608963296,0,BitcoinDark
SHA-256,PoS,11995334.8847328,12500000.0,-0.2596029567001027,0.6550437502665107,-0.02763806592142139,0,PayCoin
Scrypt,PoW,5768310.0,21000000.0,-0.17149548784789453,-1.1636211643493,-0.05588327865689291,3,ProsperCoin
X15,PoW/PoS,25542535.5881841,350000000.0,-0.24795434059277355,1.9107316769510982,-0.583281650165125,0,KoboCoin
X11,PoW,11149733.9976203,20000000.0,-0.22351863936231495,-0.8593793618596686,0.06350596426189636,3,Spreadcoin
Scrypt,PoW,12205795.4449549,64000000.0,-0.1711115149902516,-1.1636379012884117,-0.05588820256332248,3,Argentum
Scrypt,PoW/PoS,18135099.992959,16768584.0,-0.34517430292733814,1.0007297296761486,-0.5565207457915624,0,Aurora Coin
Scrypt,PoW/PoS,635423900.0,0.0,-0.3377496323095584,1.0010147623061703,-0.5566718354284382,0,BlueCoin
Multiple,PoW,1688254250.0,2000000000.0,-0.07833551135402084,-1.819312801419084,0.3285668795249394,3,MyriadCoin
Scrypt,PoW,88.0,384000000000.0,2.554702749335033,-1.3389111772592202,-0.08565973624420638,3,MoonCoin
SHA-256,PoW,170204389.754849,169795588.0,-0.13899046132574358,-1.301406292660371,0.2095916195644456,3,ZetaCoin
Scrypt,PoW,128940951.183046,250000000.0,-0.1683643159103321,-1.1636703560223363,-0.055931445415408974,3,SexCoin
Scrypt,PoW,7357794.7925,100000000.0,-0.170915159493122,-1.163656513824147,-0.055889797566729196,3,Quatloo
Scrypt,PoW/PoS,123062801.128773,0.0,-0.34401106608780485,1.0007845336721395,-0.556545348870478,0,EnergyCoin
Quark,PoW,259557164.91477,247000000.0,-0.22032247966481802,-0.41122846781152894,0.0861220675438518,3,QuarkCoin
Groestl,PoW,49548585.1412917,84000000.0,-0.20005464428652425,-1.196143223379104,0.1544558659485923,3,Riecoin
Scrypt,PoW,33442988.3440364,48166000.0,-0.1709644028296994,-1.1636211301274646,-0.05589221744854516,3,Digitalcoin 
Scrypt,PoW/PoS,42579.476901,500000.0,-0.3455109146890264,1.0007290264824942,-0.5565150176501298,0,BitBar
Scrypt,PoW,7219956.64626131,21000000.0,-0.17147774764598425,-1.163620512054219,-0.055883637024825406,3,Catcoin
Scrypt,PoW/PoS,1039116.65144562,1000000.0,-0.3454951862402039,1.0007292460235557,-0.5565153024406144,0,CryptoBullion
Scrypt,PoW,4703879.51824446,13140000.0,-0.17156430234518133,-1.1636180545387986,-0.055882406331646435,3,CannaCoin
X11,PoW,4996986.20575291,18000000.0,-0.2236080306102813,-0.859381213581725,0.06350763829204063,3,CryptCoin
Scrypt,PoC,39999997299.8568,40000000000.0,0.5654369780959101,0.19640068593217963,-0.3834544010064539,0,CasinoCoin
Groestl,PoW/PoS,3304487.74735637,4380000.0,-0.37498499045789196,0.9682157490249548,-0.3461612854737613,0,Diamond
Multiple,PoW,15929530669.1206,16555000000.0,0.1990446565281673,-1.8195579025009354,0.3239223843464227,3,Verge
SHA-256,PoW,18773857500.0,21000000000.0,0.23625543763264592,-1.3025558140853986,0.20338353750736807,3,DevCoin
Scrypt,PoW,12539015186.822,13500000000.0,0.07737163844734313,-1.1641425689300708,-0.06002266800162345,3,EarthCoin
Scrypt,PoW,20910478.8062499,21000000.0,-0.17131043928068623,-1.1636143602401505,-0.05588701680332244,3,E-Gulden
Scrypt,PoW,218871896.499999,299792458.0,-0.16691176409432426,-1.1636526760847157,-0.055957508108559983,3,Einsteinium
Scrypt,PoW,19496786.31025,32000000.0,-0.1712496151438873,-1.1636200170094566,-0.055887520864013766,3,Emerald
PoS,PoS,5679705.0,0.0,-0.3267306710426033,1.6077461657641592,-0.10656350934994231,0,Exclusive Coin
Scrypt,PoS/PoW/PoT,461829905.32893,0.0,-0.30667033290298,0.21538755173302443,-0.4262293439018208,0,FlutterCoin
Scrypt,PoW,1142732.14912776,11235813.0,-0.1716213420313179,-1.1636187854682678,-0.055881379520139905,3,Franko
NeoScrypt,PoW,208669093.00773,336000000.0,-0.17364953312894146,-1.5908094553358667,0.21537996411815047,3,FeatherCoin
Scrypt,PoW,884125802.0,1420609614.0,-0.150824012630672,-1.1638654012869052,-0.05620865958150607,3,GrandCoin
Scrypt,PoW,65672720.4708748,70000000.0,-0.1704155091133117,-1.1636166150275642,-0.05590186724518242,3,GlobalCoin
Scrypt,PoW,41658647.9999715,72245700.0,-0.17069303436891736,-1.1636284308802685,-0.05589611304820322,3,GoldCoin
Scrypt,PoW/PoS,89266933.684704,120000000.0,-0.34357207115710864,1.0007145672387199,-0.5565463117833546,0,HoboNickels
X11,PoS,1678520090.7713,0.0,-0.32084639121161324,1.0978283264374862,-0.17418504930258047,0,HyperStake
Scrypt,PoW,90595753018.6314,90600000000.0,1.578696621817147,-1.1642642518774016,-0.08527169810353762,3,Infinite Coin
X11,PoW/PoS,17650913.9743456,22000000.0,-0.39722489321669613,1.3049660518056185,-0.4371305380812759,0,IOCoin
SHA-256,PoW,21089348.999,21000000.0,-0.14186921363557045,-1.3014053716872875,0.20963997080487015,3,IXcoin
Scrypt,PoW,151447649.8,265420800.0,-0.1679797789142689,-1.1636672823092462,-0.05593819753842705,3,KrugerCoin
Scrypt,PoW,19326319.14375,20000000.0,-0.17133689893666523,-1.1636146155771179,-0.055886548171100725,3,LuckyCoin
Scrypt,PoW,1104344.22938102,1350000.0,-0.17169200089157846,-1.163614289818245,-0.05588060339053322,3,Litebar 
SHA3,PoW/PoS,61445805.0,100000000.0,-0.3486556386309294,2.2145788432960503,-0.5207481142966446,0,MaxCoin
Scrypt,PoW,38151999.9930997,42000000.0,-0.17095063409057512,-1.1636161993454914,-0.05589290178372708,3,MegaCoin
HybridScryptHash256,PoW,40431856.9,200000000.0,-0.14935615447277426,-2.1891274314113276,0.35217332146453173,3,MediterraneanCoin
Scrypt,PoS,21293925445.4969,0.0,-0.029049729227467416,0.8024035493676485,-0.2984179972871276,0,MintCoin
Scrypt,PoW,5804204.88794916,10000000.0,-0.17157314969641993,-1.1636161266911287,-0.05588243445937753,3,MinCoin
SHA-256,PoW/PoS,1613836099.99999,2419200000.0,-0.2791772353278376,0.8625589472818134,-0.29157395514572193,0,MazaCoin
Scrypt,PoS,16180000.0,16180000.0,-0.28896472852680943,0.7928350425315492,-0.29316641614232203,0,Nautilus Coin
X13,PoW/PoS,66087096.2077108,0.0,-0.2758445717017469,1.8214720102425686,-0.5273439471663706,0,NavCoin
Scrypt,PoW,2366066305.76482,15000000000.0,-0.03629929497864071,-1.1693985210501754,-0.05762759884941297,3,NobleCoin
SHA-256,PoW,14736400.0,21000000.0,-0.14194685139835428,-1.3014082263746813,0.2096415391570608,3,Namecoin
Scrypt,PoW,334709223.483138,337000000.0,-0.16523197051031527,-1.1636176101090718,-0.05598899033841146,3,NyanCoin
X13,PoW/PoS,15156364.3306548,0.0,-0.27646698313311513,1.8214491246002817,-0.5273313738992279,0,OpalCoin
NeoScrypt,PoW/PoS,3220616.279225,3770000.0,-0.3523190179786919,0.5735932959647086,-0.2851782944177848,0,Orbitcoin
Scrypt,PoW/PoS,222677226.014206,420000000.0,-0.3398116842099404,1.000637564151439,-0.5566025120176258,0,PotCoin
Scrypt,PoW/PoS,73959274.625,98000000.0,-0.3439153431598413,1.0007177318245146,-0.5565408266645856,0,PhoenixCoin
Scrypt,PoW/PoS,29315567169.0888,0.0,0.01274305385582799,1.0139021384617704,-0.5637521009129028,0,Reddcoin
Scrypt,PoW,1104157.42169891,21000000.0,-0.1715524872621065,-1.163623260178744,-0.05588212721778725,3,RonPaulCoin
Scrypt,PoW,24215181.725,250000000.0,-0.16964414271955333,-1.1637174143780606,-0.05590559177012306,3,StableCoin
Scrypt,PoW,25593737.1355044,51200000.0,-0.17103878497771988,-1.1636260422048057,-0.055890514993456195,3,SmartCoin
X11,PoS,50707661.7493518,0.0,-0.3407394700386017,1.0970968715459692,-0.17378319133247713,0,SuperCoin
X11,PoW/PoS,1177.0,1000.0,-0.3975967800537922,1.304968163525974,-0.4371244748514041,0,SyncCoin
SHA-256,PoW,563336541.299966,888000000.0,-0.12908680930600605,-1.30155750156014,0.20943886971829972,3,SysCoin
Multiple,PoS,80260463.7331396,100000000.0,-0.22903873689749205,0.1372813322118055,0.09183025045540151,0,TeslaCoin
SHA-256,PoW,43536800.0,47011968.0,-0.14141020290487352,-1.3014071594929986,0.20963241195467514,3,TigerCoin
PHI1612,PoS,1622326490.46336,2300000000.0,-0.30083930130625375,1.6106359798727108,-0.23318121635112257,0,TittieCoin
X11,PoW/PoS,1431851.00002479,10000000.0,-0.39750830278894084,1.304964241827295,-0.4371256034723466,0,TorCoin
SHA-256,PoW,22935396.0,42000000.0,-0.14169755259284245,-1.3014141287241416,0.20963788650438098,3,TerraCoin
SHA-256,PoW,2278150.0,80000000.0,-0.14168019774163476,-1.3014407581240421,0.20964003922693933,3,UnbreakableCoin
SHA-256,PoW,200911.79151896,250000.0,-0.14227181184081925,-1.3014052854434388,0.20964673671154205,3,Unobtanium
X11,PoW,1207310.0,0.0,-0.22378214410847683,-0.8593746994193927,0.06350996976374797,3,UroCoin
Scrypt,PoW/PoS,1098952592.6,1600000000.0,-0.3207248925706387,1.0004926439791277,-0.5569103480251022,0,UnitaryStatus Dollar
Scrypt,PoW/PoS,50235211.141939,100000000.0,-0.3441910687712837,1.0007061584495756,-0.5565351250078767,0,UltraCoin
Scrypt,PoW,23150892.1679687,23000000.0,-0.17126885966987718,-1.163614266519265,-0.05588772499566848,3,ViaCoin
Scrypt,PoST,32021108.4136696,0.0,-0.29245835251659047,0.2536429196407435,-0.3594861655372374,0,VeriCoin
Lyra2REv2,PoW,51173723.8166347,84000000.0,-0.18631275339949027,-1.2930328344350799,0.1335225540938494,3,Vertcoin
Scrypt,PoW,119606941.0,265420800.0,-0.16836889606239516,-1.1636815898804294,-0.05593033702429338,3,WorldCoin
X11,PoW/PoS,6950831.0970606,5500000.0,-0.3974728069554828,1.3049687760339144,-0.43712661696404287,0,X11 Coin
Multiple,PoS,100000000.0,0.0,-0.2295075097231529,0.13733585240298984,0.09183313243787468,0,Crypti
SHA-256,PoW,39195739.362088,45000000.0,-0.14147753896144388,-1.3014081916729285,0.20963363966183385,3,JouleCoin
X13,PoW/PoS,33093725.4123502,0.0,-0.2762477752369322,1.8214571847245757,-0.5273358020946299,0,StealthCoin
Scrypt,PoW/PoS,147990237.978331,1000000000.0,-0.3366063878331491,1.000339232151954,-0.556629053513218,0,ZCC Coin
CryptoNight,PoW,184066828814.0,184467440735.0,3.872173141714704,-2.2917962745901743,0.32627293456503487,3,ByteCoin
CryptoNight,PoW,6906587610.38292,10000000000.0,0.4684162729090529,-2.291758098998458,0.38353856508733486,3,DigitalNote 
Shabal256,PoC,1813033920.0,2158812800.0,-0.24238524824284727,0.29304039145022065,-0.2494915454036715,0,BurstCoin
Counterparty,PoS,51173144.0,500000000.0,-0.3228193371763057,1.5422514642788554,-0.019042685344612786,0,StorjCoin
Scrypt,PoW,68194674.8711679,105120000.0,-0.1701353353237222,-1.1636315141635647,-0.05590521342430091,3,MonaCoin
SHA-256,PoW/PoS,39121694.0,68000000.0,-0.31511504598575,0.8629246808703507,-0.2910028680227613,0,Neutron
Groestl,PoW/PoS,53193831.0,0.0,-0.3744064037735873,0.9682401662024328,-0.34617326198081033,0,FairCoin
Scrypt,PoW,415032420.0,1680000000.0,-0.15471499893673527,-1.16419460003388,-0.056112970456512916,3,Gulden
Scrypt,PoS,27184490.3918338,0.0,-0.2889451242191612,0.792847373594024,-0.29316787804822697,0,RubyCoin
Scrypt,PoW,137517654.41397,166386000.0,-0.1688531654989795,-1.1636283320841794,-0.05592707841245714,3,PesetaCoin
X13,PoW/PoS,2022464.886973,12000000.0,-0.27654228859755176,1.8214377448722492,-0.5273290621438442,0,Kore
Scrypt,PoW,181919.2435974,2628000.0,-0.17169419975176411,-1.1636152877187793,-0.055880474781457024,3,Wild Beast Coin
Scrypt,PoS,174646113.934655,500000000.0,-0.28359301026513223,0.7926853839250267,-0.2932430572954464,0,Dnotes
Scrypt,PoW,152270664.860648,160000000.0,-0.16871821363294223,-1.1636187876169561,-0.0559302252479245,3,Flo
Scrypt,PoW/PoS,1467841.0,0.0,-0.3454970469561654,1.000729895172774,-0.5565153307289643,0,8BIT Coin
X13,PoW/PoS,7096834.0,10000000.0,-0.27649447612498684,1.82144093803708,-0.5273301597514691,0,Sativa Coin
Scrypt,PoW,792537250.0,1000000000.0,-0.1549296406590633,-1.1637145470627677,-0.056153430505124086,3,ArtByte
Stanford Folding,PoW,719416990.0,1000000000.0,-0.12477519946040458,-2.0941267486171737,0.4016886783846051,3,Folding Coin
X11,PoS,2689812.0,20000000.0,-0.34118428295479764,1.0970661647500977,-0.1737728881845488,0,Ucoin
Multiple,PoW,65113302.0,0.0,-0.11237159407298235,-1.8191291519406123,0.329122685862155,3,Unitus
QuBit,PoW,6365285.0,0.0,-0.17835733009454105,-1.4917859354616858,0.25690849031308555,3,CypherPunkCoin
Scrypt,PoW,10140044.4430293,3371337.0,-0.17156722632667287,-1.1636111523865607,-0.05588299078969432,3,OmniCron
Scrypt,PoW/PoS,11604722.0,20000000.0,-0.34523116580077606,1.0007253201114397,-0.5565193842364059,0,Vtorrent
Scrypt,PoW,4610340640.89,10000000000.0,-0.04437282523054703,-1.1661075468758741,-0.057793888699894415,3,GreenCoin
M7 POW,PoW,708506520.0,1840000000.0,-0.11905449987089357,-2.141763553091074,0.4683463163737352,3,Cryptonite
Scrypt,PoW,619478.0,619478.0,-0.17170311305771782,-1.1636141742068942,-0.05588042703906117,3,MasterCoin
SHA-256,PoW,12462620.0,21000000.0,-0.14197463868143967,-1.3014092480940598,0.20964210048501175,3,SoonCoin
Scrypt,PoW,88213.0,92000000000.0,0.4814902679662404,-1.2056123715225346,-0.06301492215263373,3,1Credit
X11,PoW/PoS,1513704.0,0.0,-0.39757830294871616,1.304968843634047,-0.4371248481713156,0,IslaCoin
SHA3,PoW/nPoS,63657220.0,78000000.0,-0.24436620940750933,2.6607989699500587,-0.31893910365473355,0,Nexus
X11,PoW,32221574.820996,33000000.0,-0.22316882518829703,-0.8593758277960637,0.0634997540971427,3,MarsCoin 
Lyra2RE,PoW,13742738.0,65789100.0,-0.14339668408563097,-2.145921546792788,0.3964871162562936,3,Crypto
SHA-256,PoW,14747200.0002,53760000.0,-0.1417141218931853,-1.301423176547673,0.2096389959264052,3,Anarchists Prime
QUAIT,PoW/PoS,8568038.35935056,5060000.0,-0.42049556471724736,1.9461324373657451,-0.6008368581059321,0,Droidz
X11,PoW,15863837.5,21000000.0,-0.22345392946421913,-0.8593777000874812,0.06350472294060099,3,BowsCoin
X11,PoS/PoW,329200.01639,0.0,-0.30324306626771397,1.0397228461707453,-0.21520388678807703,0,Squall Coin
Scrypt,PoW,32565300.0,210240000.0,-0.1698243959086652,-1.163695511721551,-0.055904569743275484,3,Song Coin
Scrypt,PoW,75614500.0,250000000.0,-0.1690160048138166,-1.1636943181772315,-0.0559182807171654,3,BitZeny
Scrypt,PoS,100000000.0,100000000.0,-0.2873452598803744,0.7928344428635374,-0.2931936090900847,0,Diggits
Ethash,PoW,10495278.0,16906397.0,-0.14893812067908924,-1.997674255867859,0.3423051821665267,3,Expanse
X13,PoW/PoS,23042604.0,50000000.0,-0.27601560509608053,1.8214298431381797,-0.5273371983151918,0,Paycon
Blake2b,PoW,33098296530.0,0.0,0.38061257910634944,-2.216220513494086,0.37061879730168495,3,Siacoin
SHA-256,PoW/PoS,43059794.804778,1000000000.0,-0.3084496761891353,0.862500990004257,-0.29107611757427504,0,Emercoin
X15,PoW/PoS,13530556.4180753,26298000.0,-0.2503994351443803,1.9108740501999333,-0.5832535814168961,0,EverGreenCoin
X11,PoW,15867695.0,16000000.0,-0.22348938255486264,-0.8593754158410005,0.06350510974233853,3,MindCoin
SHA-256,PoW,20997476.8650231,21000000.0,-0.14187033638139215,-1.3014054129698824,0.2096399934853391,3,I0coin
BLAKE256,PoW/PoS,10365046.9281661,21000000.0,-0.06901929078761465,0.9023616490011721,-0.4100751071737409,0,Decred
Scrypt,PoW,210000000.0,210000000.0,-0.16765771589053616,-1.1636156721644393,-0.05594835442628733,3,Revolution VR
1GB AES Pattern Search,PoW,11448949.0,81962100.0,-0.12155849311165082,-2.1949426750901972,0.34969007274915387,3,HOdlcoin
SHA-256,PoW/PoS,3669691.84494672,22000000.0,-0.3158748979610488,0.8629297496910117,-0.2909905486516702,0,EDRCoin
X11,PoW/PoS,10996318099.0,26550000000.0,-0.07470738132194067,1.2977891966083357,-0.4418981089075662,0,Hitcoin
Scrypt,PoW,69836100.0,84000000.0,-0.1702652288682336,-1.163621135256415,-0.05590398076977904,3,Gamecredits
SHA-256,PoW/PoS,5129014.0,10500000.0,-0.3159387144926862,0.8629356552152432,-0.29099001708016636,0,DubaiCoin
SHA-256,PoW,21739971929.0,21626280000.0,0.27695017955410256,-1.3015088938102757,0.20260272447195246,3,CarpeDiemCoin
NIST5,PoW/PoS,10069449031.9252,0.0,-0.23545641545927648,1.5579621266597263,-0.49794316855085896,0,PWR Coin
Scrypt,PoW/PoS,8998743.2411911,42000000.0,-0.34510681177830244,1.000714106061361,-0.5565204470163341,0,BillaryCoin
Scrypt,PoS,40477042.0,221052632.0,-0.28721319539880996,0.7927524354741694,-0.29318830238990906,0,GPU Coin
X11,PoW,45110324.0,84000000.0,-0.2226492127172099,-0.8593933178912044,0.06349261716110759,3,Adzcoin
Dagger,PoW,5702048.0,30000000.0,-0.15355990667122515,-2.2100181309534297,0.3882048366829862,3,SoilCoin
Scrypt,PoW,636462.55983338,168351300.0,-0.17051200176933567,-1.1636907365917406,-0.05589343897031075,3,YoCoin
X11GOST,PoW,17263355.0,24000000.0,-0.1497485014310202,-2.1973327225746204,0.4026906543916101,3,SibCoin
X11,PoW/PoS,10407269.7881868,384000000.0,-0.39474319912865874,1.304797542935977,-0.4371568232355964,0,EuropeCoin
Scrypt,PoS,36971236046.8073,99000000000.0,0.8654432656415272,0.7642543638677839,-0.3099657841056959,0,ZeitCoin
SHA-256,PoW/PoS,4377081.60953993,40000000.0,-0.31573845229610487,0.8629218505082346,-0.2909921191994832,0,SwingCoin
Scrypt,PoC,2147483647.0,2147483647.0,-0.1659035212655302,0.19667149295834332,-0.37117425970360607,0,SafeExchangeCoin
PoS,PoS,20000000.0,20000000.0,-0.3264136654560543,1.6077434705131628,-0.10656859561658201,0,Nebuchadnezzar
Scrypt,PoW,6570807.65677618,20000000.0,-0.17149278077597602,-1.163620347245647,-0.055883399218640106,3,Francs
X11,PoW,13654082.4987998,25000000.0,-0.2234525341284601,-0.8593805190478244,0.06350495825947289,3,BolivarCoin
X11,PoW/PoS,134554941.15119,75000000.0,-0.3954199365777073,1.304994387802763,-0.4371635083652226,0,Ratecoin
SHA-256,PoW/PoS,1195525.0,222725000.0,-0.3144799773002636,0.8628370064389732,-0.2910055042401038,0,Revenu
SHA-256,PoW/PoS,16662820.0,525000000.0,-0.3121447889136866,0.8627059673124565,-0.29103276432081593,0,Clockcoin
NIST5,PoW/PoS,83450403.0,90000000.0,-0.35685374320020846,1.5534338490336195,-0.4954849051588665,0,VIP Tokens
X11,PoW/PoS,24387724.5010828,139000000.0,-0.3963118589478702,1.3049156681735912,-0.4371412746418424,0,BitSend
Scrypt,PoW,616448.0,616448.0,-0.17170317159971263,-1.1636141741852168,-0.05588042605606629,3,Omni
POS 3.0,PoS,38589808.6658096,33500000.0,-0.32272377546039566,1.5614856510548758,-0.12108460544922173,0,Let it Ride
Scrypt,PoW/PoS,813092338.575672,2000000000.0,-0.32137829895579223,1.0001815920851853,-0.5568707980420643,0,PutinCoin
Scrypt,PoW/PoS,4526324.0,44333333.0,-0.34514490129585995,1.0007110312143472,-0.5565195238622862,0,iBankCoin
Scrypt,PoW/PoS,100000000.0,100000000.0,-0.3435829060309633,1.0007285201772456,-0.5565474104387262,0,Frankywillcoin
X13,PoS,5000000.0,200000000.0,-0.21893344602353615,1.6134591830158775,-0.26399057541098875,0,MudraCoin
X11,PoW,1377917.0,25000000.0,-0.22360255800320555,-0.8593860353230065,0.06350798887581424,3,PizzaCoin
X11,PoS,657000000.0,657000000.0,-0.3286653961326185,1.0970693858072216,-0.17398381757129755,0,Lutetium Coin
Equihash,dPoW/PoW,115898131.0,200000000.0,-0.22522493336597457,-1.8099230315499077,0.3858072539901302,3,Komodo
X11,PoW/PoS,15563873.0,50000000.0,-0.3970515971098583,1.304952331923655,-0.4371321942761941,0,GoldBlocks
Scrypt,PoW/PoS,43165500.0,90000000.0,-0.3443484663649863,1.0007075467125055,-0.5565326042005763,0,CarterCoin
CryptoNight,PoW,7822432.72439746,10000000.0,0.3131787665226948,-2.2902975868012807,0.386016395458564,3,Karbo
SHA-256,PoW/PoS,595429.0,21000000.0,-0.3159195677864185,0.8629288247785805,-0.29098971215775304,0,BitTokens
SHA-256,PoW,6243840.0,9736000.0,-0.14213061172226316,-1.3014069004472768,0.20964450924720637,3,ZayedCoin
X11,PoW/PoS,657636.34549789,3000000.0,-0.3975674645929927,1.3049670894535548,-0.43712486948636126,0,MustangCoin
Scrypt,PoW/PoS,2581970.0,21000000.0,-0.3453343304958901,1.000720809249746,-0.5565172343408944,0,ZoneCoin
Multiple,PoW,1000000000.0,1200000000.0,-0.0924265274336491,-1.819256865258089,0.32879882946217176,3,Circuits of Value
Scrypt,PoW/PoS,1939889.0,0.0,-0.3454912781784447,1.0007301072867825,-0.5565154472634296,0,RootCoin
Scrypt,PoW,116845228.0,200000000.0,-0.1688671369673769,-1.1636529660848662,-0.05592458180446801,3,DopeCoin
Scrypt,PoS,169598616.0,0.0,-0.2872047176610775,0.7929113671518446,-0.2932030358160447,0,BitCurrency
SHA-256,PoW,9106714.0,10638298.0,-0.14208921891456927,-1.3014060259208626,0.20964373251571133,3,DollarCoin
Scrypt,PoW/PoW,665200057.0,3100000000.0,-0.2482452270168873,0.20408414157639704,-0.5437822465338439,0,Swiscoin
Scrypt,PoW,11119200.0,30000000.0,-0.17136619557362573,-1.163622868459116,-0.055885297588099396,3,Shilling
SHA-256D,PoW/PoS,19577787259.0,20000000000.0,0.030351873349422843,1.946764673263987,-0.6321823001958004,0,BuzzCoin
PoS,PoS,74033806.7949683,74000000.0,-0.3253699296334231,1.6077430993754787,-0.10658612268328481,0,Opair
Scrypt,PoW/PoS,33522957.0,0.0,-0.34510530959255575,1.0007442990874873,-0.5565232441737922,0,PesoBit
X11,PoW/PoS,264678458.288619,1500000000.0,-0.38371216423176263,1.3044023423566173,-0.43730614185212924,0,Halloween Coin
Lyra2Z,PoW,7568281.24956067,21400000.0,-0.15736646053349465,-2.240134025027166,0.41536528555601177,3,ZCoin
PoS,PoS,148716816.0,39999898.0,-0.32469865000648723,1.6077921792010743,-0.10660192293852963,0,CoffeeCoin
X13,PoS,2500124.0,2500124.0,-0.2203662546579708,1.6135482189122121,-0.2639746419918266,0,RoyalCoin
X14,PoW/PoS,100000000.0,100000000.0,-0.42206914447959415,2.0395128672235474,-0.5064019352492019,0,GanjaCoin V2
PoS,PoS,17818682.1654,301000000.0,-0.324445209735132,1.6076142131042326,-0.10658984889172371,0,TeamUP
SHA-256D,PoW/PoS,1082162635.53683,7506000000.0,-0.28438639874020516,1.9441572379291696,-0.6266473665109262,0,LanaCoin
Ethash,PoW,26205539.0,26205539.0,-0.14868010526268097,-1.9976714415701189,0.342300582619234,3,Elementrem
Equihash,PoW,5613550.0,21000000.0,-0.13737311495793278,-2.1234119955670647,0.3537577935252282,3,ZClassic
DPoS,DPoS,108202084.0,125000000.0,3.7082621855164777,1.8744603781128568,0.12568362257532795,0,ARK
X11,PoW/PoS,18342813.0,30000000.0,-0.397159637324432,1.3049627106883401,-0.43713132929681425,0,InsaneCoin
Scrypt,PoW,196297971.0,10000000000.0,-0.09831571030273624,-1.1680909898356955,-0.05670419421443283,3,KiloCoin
X11,PoW,824000000.0,500000000.0,-0.21017698213747305,-0.8592332301620755,0.06326807157110464,3,ArtexCoin
X13,PoW/PoS,92192822723.0,850000000.0,0.8560477110345011,1.862480983190179,-0.5501531878089664,0,EmberCoin
X11,PoW/PoS,3853326.77707314,3853326.77707314,-0.3975223522188765,1.3049681358859877,-0.43712572458247323,0,XenixCoin
PoS,PoS,50000000.0,50000000.0,-0.3258340417458057,1.6077432558861002,-0.10657832823926039,0,FreeCoin
Scrypt,PoW/PoS,17089600.0,38540000.0,-0.34503250165050525,1.0007193211738847,-0.5565221760799287,0,PLNCoin
Scrypt,PoW/PoS,2449577.41533168,42000000.0,-0.34518684745667805,1.000711163204252,-0.5565188302241056,0,AquariusCoin
X11,PoW,61364813.0,228000000.0,-0.2214281640834732,-0.85945175034059,0.06347743709994132,3,Kurrent
PoS,PoS,20000000.0,20000000.0,-0.3264136654560543,1.6077434705131628,-0.10656859561658201,0,Creatio
X11,PoW/PoS,6069482.07721352,60000000.0,-0.3970966251655716,1.3049435006081576,-0.43713062590447543,0,Eternity
SHA-256,PoW/PoS,12416554.0,20000000.0,-0.3157822048915097,0.8629345930846717,-0.29099255288746234,0,Eurocoin
Scrypt,PoW/PoS,20244023.640728,33000000.0,-0.3450332865042481,1.0007232676335998,-0.5565225251808551,0,BitcoinFast
X11,TPoS,75590369.0,76500000.0,-0.381466278015028,0.9010210178999064,-0.10363378212755006,0,Stakenet
Scrypt,PoW/PoS,11080722.3769581,28000000.0,-0.3451807690945169,1.0007214326320635,-0.556519875283108,0,BitConnect Coin
Scrypt,PoW/PoS,10914418.0,650659833.0,-0.34076188773169785,1.0004371120559852,-0.5565681220005234,0,MoneyCoin
X11,PoW/PoS,814671.0,5000000.0,-0.3975513454198301,1.304966247011576,-0.43712506335511353,0,Enigma
CryptoNight,PoW,978145.0,21000000.0,0.3131732247459339,-2.2903056837998,0.38601723204863564,3,Cannabis Industry Coin
Scrypt,PoW/PoS,8377873.0,144000000.0,-0.3443901945383946,1.0006672638066956,-0.5565282039245144,0,Russiacoin
Scrypt,PoS,33813143821.8337,32514916898.0,0.3548018522190012,0.793185895093183,-0.3040301741473274,0,PandaCoin
Scrypt,PoW/PoS,3472983.0,13000000.0,-0.3453802420256583,1.0007248616459914,-0.556516833898766,0,GameUnits
Scrypt,PoW/PoS,3315789.0,3315789.0,-0.3454509214010395,1.000729211878851,-0.5565160440739064,0,GAKHcoin
Quark,PoS,10517772.7391666,15000000.0,-0.3425753941244778,1.5452148634097556,-0.15107940127385644,0,Allsafe
QuBit,PoW/PoS,30227750.0,78835200.0,-0.35130588264306256,0.6725322039986501,-0.24373825664144153,0,LiteCreed
Scrypt,PoW,894026.0,2714286.0,-0.1716848846428517,-1.1636150071245412,-0.055880657270764106,3,OsmiumCoin
CryptoNight,PoW,9357088.0,25000000.0,0.3133040218482956,-2.2903037447457617,0.38601485333618013,3,Bikercoins
Lyra2RE,PoW,1876146.443596,9999999.0,-0.1439378078696482,-2.1459014111555956,0.3964943722509803,3,HexxCoin
Scrypt,PoW/PoS,23965372.0,500000000.0,-0.34167208717492487,1.0005117530901915,-0.5565596600971254,0,Klingon Empire Darsek
SHA-256,PoW/PoS,2526078.47525448,21000000.0,-0.3158959738136034,0.8629296923128109,-0.29099018877708904,0,Internet of People
X11,PoW/PoS,5659096.95728771,9354000.0,-0.3974612293286522,1.3049664362341489,-0.43712659695451567,0,KushCoin
Scrypt,PoW/PoS,11821728.0,20000000.0,-0.3452285138260233,1.0007254176227351,-0.556519437808666,0,Printerium
X11,PoW,536982074.0,100000000000.0,0.49277006533618783,-0.9047842122686502,0.05562262230597287,3,PacCoin
Scrypt,PoW/PoS,308179.0,21933333.0,-0.3453554912057667,1.000719361456461,-0.5565167453909559,0,Impeach
CryptoNight-V7,PoW,10969318.522954,185000000.0,-0.15065641889484552,-2.2244418402916586,0.4194195681898344,3,Citadel
Scrypt,PoS,2922613.96424908,55000000.0,-0.28885111984394135,0.792811363914646,-0.2931661538144723,0,Zilbercoin
Scrypt,PoW/PoS ,110000000.0,110000000.0,-0.3135155943666739,0.10884055313499544,-0.542213102122458,0,FirstCoin
Scrypt,PoW,3115258.0,3360000.0,-0.1716531549360351,-1.1636143037876572,-0.05588125570183533,3,BeaverCoin
X13,PoS,14524851.4827,14524851.4827,-0.22013392741936244,1.6135481328844814,-0.2639785430630063,0,FindCoin
X11,PoW,30385540.0,1000000000.0,-0.21632551799931957,-0.8598180908525275,0.0634252157279228,3,VaultCoin
Equihash,PoW,6921653.89980891,17000000.0,-0.13738552914089724,-2.1234095817621914,0.35375778079691694,3,Zero
Scrypt,PoW/PoS,1000000000.0,1000000000.0,-0.32619419472350186,1.000722081365376,-0.5568393891190715,0,OpenChat
Scrypt,PoW,99843408.3158479,100000000.0,-0.1697849164949851,-1.1636149555627648,-0.055912629485353055,3,Canada eCoin
Lyra2RE,PoW,18545757.5,21000000.0,-0.14365599230400625,-2.1458989422220505,0.3964894039659993,3,Zoin
Scrypt,PoS,36050365.0,34426423.0,-0.2885923474342366,0.7928356417080644,-0.2931727365631422,0,RenosCoin
Dagger-Hashimoto,PoW,2232901.0,2232901.0,-0.14157577217493433,-2.16548873628524,0.31330700865273153,3,DubaiCoin
X11,PoW/PoS,13162749.0858027,100000000.0,-0.39672593830867703,1.304928427851306,-0.4371354790512425,0,VirtacoinPlus
Blake2S,PoW/PoS,12184195.9258495,36900000.0,-0.43141496077711833,1.8859720945586402,-0.6110853298544476,0,TajCoin
X11,PoW/PoS,110630387.850471,110000000.0,-0.39546381079159165,1.304967659751464,-0.4371603163902567,0,Impact
Scrypt,PoW,64096052.0,4000000000.0,-0.14253159469476995,-1.1654113788123759,-0.05620625268736072,3,EB3coin
PoS,PoS,111135836.889,110290030.0,-0.3246588543270987,1.6077432046189948,-0.10659809638067132,0,Atmos
X11,PoW/PoS,21521322.0099142,100000000.0,-0.3966237903295266,1.3049321837625785,-0.4371375425317076,0,HappyCoin
NIST5,PoW,10123200.0,48252000.0,-0.1842463657052559,-0.610923447731124,0.005171177010655087,3,Coinonat
PoS,PoS,401421401.0,400000000.0,-0.31905439454862433,1.607741390607955,-0.10669222640503011,0,MacronCoin
X11,PoW/PoS,121665451.643876,500000000.0,-0.39255993599423533,1.3047945823163276,-0.4371932854308854,0,Condensate
Scrypt,PoW/PoS,5368934.0,21212121.0,-0.34529876565361306,1.0007219647337346,-0.5565179388087075,0,Independent Money System
Scrypt,PoW/PoS,1148324.0,28600000.0,-0.3452978903636245,1.0007166956232856,-0.5565174698029189,0,ArgusCoin
Scrypt,PoW/PoS,500000.0,1000000000.0,-0.33840882826056207,1.000272957651221,-0.5565926426058017,0,LomoCoin
SHA-256,PoS,100545745.0,75000000000.0,0.27389392705022747,0.6208515497513963,-0.03347526754862436,0,ProCurrency
X11,PoW/PoS,17171382.0,40000000.0,-0.3971029526183639,1.3049576192814707,-0.4371318156137807,0,GoldReserve
Scrypt,PoW,20276099.146524,35520400.0,-0.17121509635782878,-1.1636212738983263,-0.05588798626279652,3,BenjiRolls
Scrypt,PoS,295135466.361878,2000000000.0,-0.2714704710964425,0.7920547716857135,-0.29338912870718675,0,GrowthCoin
SHA-256,PoW,1317747500.0,2500000000.0,-0.10842207132821283,-1.3019543904411952,0.2091276164219663,3,ILCoin
PoS,PoS,11390225.9742772,30000000.0,-0.32644788283521115,1.607735036698842,-0.10656724563019104,0,Phreak
Scrypt,PoW/PoS,21358764.0,105000000.0,-0.34450846020464443,1.0006909003514728,-0.5565283840349039,0,Degas Coin
X15,PoW/PoS,40659020000.0,90000000000.0,0.8851361443159278,1.8880648043427046,-0.6002652645536003,0,HTML5 Coin
SHA-256,PoS,10343113.0,200084200.0,-0.258291291550613,0.6549573751637938,-0.027652205343711062,0,Ultimate Secure Cash
Scrypt,PoW,13673406.4325268,72000000.0,-0.17103677932075348,-1.1636408938407699,-0.055889185278832465,3,EquiTrader
POS 3.0,PoS,100000000.0,100000000.0,-0.3215011441509285,1.5614828882008995,-0.12110492290868903,0,QTUM
CryptoNight-V7,PoW,69036016.8340164,105000000.0,-0.1505148043597527,-2.2243792279044543,0.4194114373316431,3,Quantum Resistant Ledger
536,PoW/PoS,22801882871.0,50000000000.0,0.5682016945347685,1.961203547399119,-0.45749760853270166,0,Espers
Argon2d,PoW,19784224.6512734,0.0,-0.13884651781229332,-2.1371382063384847,0.43086250988246927,3,Dynamic
Blake2b,PoW,133248297.0,340282367.0,-0.01982881269156356,-2.2311886445828044,0.3787304878804142,3,Nano
Cloverhash,PoW,18407259.0885883,30000000.0,-0.15285871172088875,-2.1274115450131323,0.49157098390315557,3,ChanCoin
CryptoNight,PoW,1809467143.0,2000000000.0,0.34932529754289626,-2.2903964608756215,0.38541729741487124,3,Dinastycoin
NIST5,PoW/PoS,4171382.0,10000000.0,-0.35839059552781566,1.5534347453432036,-0.49545912948643955,0,Denarius
X11,PoW,35138975.0,100000000.0,-0.22265746927684452,-0.859405102542787,0.063493837974596,3,DigitalPrice
NIST5,PoW/PoS,62942075.0,120000000.0,-0.35689136883172046,1.5534109385707717,-0.49548216879322565,0,Virta Unique Coin
Skein,PoW/PoS,6804362.0,100000000.0,-0.42453680861154314,1.9330127437506062,-0.5527825638018106,0,Bitcoin Planet
Scrypt,PoW,18133195.0,19276800.0,-0.1713566145548578,-1.1636148215628317,-0.05588619753986107,3,Unify
X13,PoW/PoS,21268092.0,30000000.0,-0.27617929188144813,1.8214381758165474,-0.527335209225352,0,BritCoin
Scrypt,PoW,5167775.0,75000000.0,-0.17111942432497707,-1.1636460853404171,-0.0558873181464641,3,SocialCoin
X11,PoW,26042364.3735553,60000000.0,-0.2230526384830547,-0.8593909299851611,0.06349918568669828,3,ArcticCoin
X11,PoW,2622886.0,18900000.0,-0.22363065383912084,-0.8593826912321877,0.06350815459030863,3,DAS
Scrypt,PoW/PoS,9044930943.24243,50000000000.0,0.12002312129741702,0.9819684295548763,-0.5626254303817174,0,Linda
CryptoNight,PoW,14161803.0,54000000.0,0.31356864038641197,-2.2903148243309106,0.38601141822301355,3,LeviarCoin
X13,PoW/PoS,21917018.0492836,18898187.6216583,-0.2762501849057562,1.8214435354169007,-0.5273345084711756,0,DeepOnion
Time Travel,PoW,17801865.1605478,21000000.0,-0.1530363010670034,-2.213306316231175,0.4721985812366148,3,Bitcore
Scrypt,PoW,163055097500.0,200000000000.0,3.2409487942664605,-1.1816461492531531,-0.11164379108728228,3,gCn Coin
Keccak,PoW,2241009149.22257,5000000000.0,-0.12126001814460965,-1.2030604325209056,0.10927338260804186,3,SmartCash
SkunkHash v2 Raptor,PoS,107972766.0,137500000.0,-0.32439362540917305,1.5189285576719203,-0.17912419077940514,0,Signatum
X11,PoW,122475638.389743,1100000000.0,-0.2144901038470816,-0.8598223605776089,0.06339472636933,3,Onix
Skein,PoW/PoS,47331802.4774238,100000000.0,-0.4240415331401807,1.9330309546906685,-0.5527925688089436,0,Cream
SHA-256,PoW,17995589.6469082,21000000.0,-0.14190702167632843,-1.3014067618630663,0.20964073456108126,3,Bitcoin Cash
X11,PoW/PoS,12569262.5359307,9507271.0,-0.39737569373353004,1.3049694713373008,-0.4371283147530242,0,Monoeci
Scrypt,PoS,18663297.3489799,17405891.19707116,-0.28892567690143695,0.7928355987746634,-0.29316712426266245,0,Draftcoin
VeChainThor Authority,Proof of Authority,55454734800.0,86712634466.0,4.276519314212792,1.3248990556032871,1.3078578901779017,0,Vechain
Scrypt,PoW,485214.0,10500000000.0,-0.09715866464384681,-1.168407229294352,-0.0566946293330944,3,Sojourn Coin
PoS,PoS,4000000.0,61599965.0,-0.32631383567550376,1.607717290445778,-0.10656787180829591,0,Stakecoin
Scrypt,PoW,143006669741.687,0.0,1.5759328063319231,-1.099354353203336,-0.0911842752251863,3,NewYorkCoin
Scrypt,PoW,9704042.0,20000000.0,-0.17145449032146062,-1.1636189393318448,-0.05588417272004029,3,FrazCoin
Scrypt,PoW,17453749.4042601,84000000.0,-0.1709053801602164,-1.1636446731812329,-0.05589104914159871,3,Kronecoin
Scrypt,PoW,32646731.063036,100000000.0,-0.17060610987922836,-1.163645150281391,-0.05589604064511748,3,AdCoin
Scrypt,PoW,33716526.0,100000000.0,-0.17059303618926858,-1.16364466957076,-0.05589630474533818,3,Linx
Scrypt,PoW/PoS,19539588.0,48252000.0,-0.34493360532362366,1.0007159885185617,-0.5565235340817838,0,CoinonatX
Scrypt,PoW/PoS,4200000.0,4200000.0,-0.34543383774569075,1.000729205552998,-0.5565163309303072,0,Ethereum Dark
CryptoNight,PoW,8946653.0,88888888.0,0.3137526200985971,-2.2903330946190685,0.3860100000253801,3,Sumokoin
SHA-512,PoS,25000000.0,91388946.0,-0.4521594050804723,1.2434314218967362,-0.24250874975879708,0,Obsidian
Ouroboros,PoS,25927070538.0,45000000000.0,0.6848923857046284,1.5401766163014248,-0.09216120101050501,0,Cardano
X11,PoW/PoS,7262402.04264803,27000000.0,-0.3973163483284462,1.3049591012314055,-0.4371283612239115,0,Regalcoin
Equihash,PoW,5211553258.01514,21000000000.0,0.0751992151291968,-2.1306496834932815,0.3508456650643135,3,BitcoinZ
NeoScrypt,PoW/PoS,182638400.0,400000000.0,-0.3473131477931246,0.5734930370220521,-0.28525331523329917,0,TrezarCoin
X11,PoW,2702855668.85288,1800000000.0,-0.17798590780402965,-0.8589824228062227,0.06270342251937365,3,Elements
Scrypt,PoW/PoS,1140734.91680375,15733333.0,-0.34538933704099967,1.0007225658803875,-0.5565164701089842,0,TerraNovaCoin
NeoScrypt,PoW,4165967.57499639,27000000.0,-0.17834262780112417,-1.5907602891749504,0.21545441299371945,3,VIVO Coin
Lyra2REv2,PoS,24000000.0,24000000.0,-0.3046330963575239,0.6634316733154246,-0.10374702542884735,0,Rupee
Equihash,PoW,17202361.088994,21000000.0,-0.1372314910654042,-2.1234067881534804,0.3537549325960345,3,Bitcoin Gold
Scrypt,PoW/PoS,48459472454.0,25000000000.0,0.42419697857638794,1.011091855854267,-0.5704169260121517,0,WomenCoin
SHA-256,PoW/PoS,92050800.0,100000000.0,-0.3142410114501475,0.8629338563948682,-0.2910184162542661,0,Theresa May Coin
NIST5,PoW/PoS,560563220.0,1200000000.0,-0.34314201810774686,1.5531415209966266,-0.4956887713718474,0,NamoCoin
PHI1612,PoW/PoS,8305775.31777569,60000000.0,-0.3927055852895256,1.8188273654565277,-0.4959628506801149,0,LUXCoin
Dagger,PoW,33986980.0,156306732.71,-0.1523174600937771,-2.2100630805197015,0.38818805879414825,3,Pirl
Scrypt,PoW/PoS,2149688.0,21000000.0,-0.34533961330350854,1.000720615004526,-0.5565171276234594,0,Xios
Quark,PoW/PoS,30711550.5294042,200000000.0,-0.39725274869810373,1.7530335617795725,-0.4144525347587997,0,Bitcloud 2.0
Scrypt,PoW,99990001.493466,100000000.0,-0.16978312501730256,-1.1636148896913565,-0.0559126656748031,3,eBoost
POS 2.0,PoS,12330806.30517,21000000.0,-0.3325825279791891,1.6202731399585288,-0.09539479038294402,0,KekCoin
Scrypt,PoW/PoS,16362544.992,14788275.991,-0.3452100251468846,1.0007298371972169,-0.5565201546265154,0,BlackholeCoin
SHA-256,PoS,8999999990.0,9000000000.0,-0.08595118624383306,0.6549796783417239,-0.030553922049604748,0,Infinity Economics
X11,PoW,175215859.0,350000000.0,-0.21917061394175555,-0.8594562848766567,0.063439869499569,3,Pura
NeoScrypt,PoW,6375259.04,45000000.0,-0.17818782778012307,-1.5907675134806196,0.21545247167151144,3,Innova
Ethash,PoW,12756367.0,280000000.0,-0.14704251169204235,-1.9977933427712242,0.3422842208501903,3,Ellaism
NeoScrypt,PoW,5832306.875,31800000.0,-0.17828818367239682,-1.5907617316206655,0.21545362938074594,3,GoByte
X11,PoW/PoS,38198594.8342105,144000000.0,-0.3961075796062054,1.3049195915527985,-0.4371450718847252,0,Magnet
DPoS,DPoS,288090567.493887,500000000.0,3.7131230740176657,1.8743700222290889,0.12561013196183315,0,Lamden Tau
NIST5,PoW/PoS,28399150208.0,30000000000.0,0.20154756152057188,1.5525034696293307,-0.5047947451623755,0,Electra
X13,PoW/PoS,183534024.889807,210000000.0,-0.27291827311257466,1.8214289192796986,-0.5273892269531916,0,Bitcoin Diamond
Multiple,PoW,481730566.566176,660000000.0,-0.1025941905291229,-1.8192432373759027,0.32896865204653536,3,SHIELD
Scrypt,PoW/PoS,110976977.29338,210000000.0,-0.34266775409497874,1.000683237375688,-0.5565586509133893,0,Cash & Back Coin
CryptoNight,PoW,19281821413.4924,85000000000.0,1.1521543184767165,-2.320435004415565,0.3746671811817194,3,UltraNote
CryptoNight,PoW,4500000.0,12500000.0,0.3131559140392963,-2.29030022098763,0.3860170217903395,3,BitCoal
Ethash,PoW,520891780.0,10000000000.0,-0.07182026761370783,-2.0020022184452753,0.34140498363628546,3,DaxxCoin
NIST5,PoS,13247178.8807286,27716121.0,-0.3019162511060715,1.3455366587684783,-0.23210894257879716,0,Bulwark
Quark,PoS,16955764.902064,20000000.0,-0.3424612168388037,1.5452154737980388,-0.15108137837468685,0,Kalkulus
X11,PoW,80316207.0,550000000.0,-0.21891034899938028,-0.85959022840709,0.06344778721020751,3,AC3
CryptoNight-V7,PoW,441250233.377,999481516.0,-0.13961520944337588,-2.2246203072050887,0.41925018106323536,3,Lethean
Scrypt,PoW/PoS,4911500269.41,50000000000.0,0.06950952356684469,0.9801110791432344,-0.5616050105651993,0,GermanCoin
Scrypt,PoW/PoS,8419402.321,150000000.0,-0.3443470867406024,1.0006645434520864,-0.5565286794817021,0,LiteCoin Ultra
Scrypt,PoW,3964201248.87125,4999999999.0,-0.08776936144008005,-1.1641153754510718,-0.0572466222630752,3,PopularCoin
X11,PoW/PoS,45174214.1078625,50000000.0,-0.3966897367141205,1.3049656372827103,-0.4371395041795708,0,PhantomX
BLAKE256,PoW,30089671530.5228,90000000000.0,1.1112271918717418,-1.2895413180668245,0.07615601416143475,3,Photon
X11,PoW,4229040.50393462,19800000.0,-0.22360463539446057,-0.8593823803616114,0.0635076882833023,3,Sucre
NeoScrypt,PoW,7847417.33355824,21000000.0,-0.1783402380250065,-1.590755895905692,0.21545396945925432,3,SparksPay
Quark,PoS,27299680.0,120000000.0,-0.3416248018581142,1.545174471557242,-0.1510916870572412,0,Digiwage
NeoScrypt,PoW,299797953.0,500000000.0,-0.17137146305330755,-1.5908433731597937,0.21534474880873866,3,GunCoin
Scrypt,PoW,45483049.3398182,64000000.0,-0.17070484219240714,-1.1636229482080054,-0.05589641771726912,3,IrishCoin
Scrypt,PoW/PoS,591022748.0,900000000.0,-0.3319022056280672,1.0005839583586948,-0.5567306698452679,0,Trollcoin
Scrypt,PoW/PoS,2504486.227718,4000000.0,-0.34545597819458257,1.0007285349771415,-0.5565158968487486,0,Litecoin Plus
X11,PoS,4407252.0,21000000.0,-0.3411561945139461,1.0970664799763699,-0.17377338971968068,0,Monkey Project
X11,PoW,8478104.33969947,23000000.0,-0.22352998852488629,-0.8593819318600208,0.06350639115454854,3,Pioneer Coin
SHA-256,PoW,20166000.0,20166000.0,-0.1418864190859507,-1.3014054058694837,0.2096402634293633,3,UnitedBitcoin
C11,PoW,11916588.09471,23000000.0,-0.20075808587138924,-1.2521288846246625,0.08393251057963717,3,Interzone
POS 3.0,PoS,20445861.5344251,25000000.0,-0.3230058583864643,1.561481378373776,-0.12107946707206636,0,TokenPay
Ethash,PoS,1618033.0,1618033.0,-0.26671741236339014,-0.041221937603232325,0.10502761836956637,0,1717 Masonic Commemorative Token
Scrypt,PoW and PoS,9399342.52839847,30000000.0,-0.314150192914761,0.1884005427783948,-0.37774666027650916,0,My Big Coin
CryptoNight,PoW,53139835213.77,1000000000000.0,8.062466920235103,-2.7229208612219002,0.2953496660261354,3,TurtleCoin
SkunkHash,PoW,4818338.98949984,16600000.0,-0.15014477454355749,-2.259677393755458,0.2643173129980747,3,MUNcoin
Scrypt,PoW/PoS,234846265.782157,232000000.0,-0.34099777822064825,1.0007288547831135,-0.5565909366359971,0,Unified Society USDEX
CryptoNight,PoW,133932467.774108,336000000.0,0.3170345401024247,-2.290389739315622,0.38595998111742963,3,Niobio Cash
Scrypt,PoW,10000000000.0,10000000000.0,0.021492821553960616,-1.1636857121291044,-0.059124433626929554,3,ShareChain
Dagger,PoW,107325266.027783,100000000.0,-0.1518209920982151,-2.2100044219078527,0.3881743204078726,3,Travelflex
Lyra2REv2,PoW,643795911.540095,1100000000.0,-0.17185682223299098,-1.2932303472758666,0.13329746186441963,3,KREDS
X13,PoS,230298925.0,800000000.0,-0.21192009769856932,1.6132865191504675,-0.26409272542955986,0,Tokyo Coin
Proof-of-BibleHash,POBh,1772091549.88818,5200000000.0,-0.3157680488960365,2.1123326602290367,12.343591652664703,1,BiblePay
SHA-256 + Hive,PoW + Hive,638382332.208514,840000000.0,-0.4097275653252587,2.995097373969599,19.444740430058047,1,LitecoinCash
Scrypt,PoW,12446100.00278,40000000.0,-0.1712789794041728,-1.1636268372449756,-0.055886400667911465,3,BitFlip
Scrypt,PoW,14491014421.0,18406979840.0,0.1360663059067021,-1.1655054903918296,-0.060885098201472955,3,LottoCoin
X11,PoW,211297638.500483,500000000.0,-0.2176646607898072,-0.8595085469807535,0.06341932937137691,3,Crypto Improvement Fund
C11,PoW/PoS,11251342.1879021,19340594.0,-0.37459210082661704,0.9122158923523911,-0.41670178369684163,0,Stipend
Proof-of-Authority,PoA,204479039.0,252460800.0,-0.34708605683546784,3.530279634228115,15.45631119436569,1,Poa Network
X11,PoW/PoS,2167827.1,25000000.0,-0.3973928079170108,1.3049577249976132,-0.43712694842484373,0,Pushi
XEVAN,PoW/PoS,419275.38,60000000.0,-0.25591811209164383,1.5481015028647211,-0.4649401419755357,0,Ellerium
Scrypt,PoS,25570013.1348022,124000000.0,-0.2880844485746228,0.7927900418059246,-0.2931770957824642,0,Velox
VBFT,PoS,650848625.0,1000000000.0,-0.3009043203696883,1.6191459702323563,-0.038180551217955716,0,Ontology
Ethash,PoW,247612453.0,6500000000.0,-0.10001010679873447,-2.000527256887272,0.34174387591653105,3,Callisto Network
CryptoNight,PoW,80049082.9057215,1000000000.0,0.3210904758862496,-2.290717069469947,0.38592178956955353,3,BitTube
Scrypt,PoW,4070212.1493016,21000000.0,-0.17151623986686032,-1.163621927386832,-0.055882859447564354,3,Poseidon
IMesh,PoW,25000000.0,25000000.0,-0.14613382211237344,-2.1723632782331967,0.4435393783598471,3,Aidos Kuneen
NIST5,PoW/PoS,13787854.6277781,50000000.0,-0.35798907322121915,1.55342080638473,-0.49546460553684746,0,Bitspace
Scrypt,PoW/PoS,845637.81347436,3000000.0,-0.34548335060266966,1.000728246078904,-0.5565154097781189,0,Briacoin
Scrypt,PoW/PoS,1182153.5,5000000.0,-0.345465038037778,1.000727484286438,-0.5565156479553445,0,Ignition
Equihash,PoW,71355477.0,70000000.0,-0.13622179742878282,-2.123404823166686,0.35373776382953537,3,Bitrolium
Scrypt,PoS,267297676.3125,500000000.0,-0.2824607392485426,0.7927270167552593,-0.29326593018185537,0,MedicCoin
Lyra2Z,PoW,27340501.6514783,300000000.0,-0.15514675635532535,-2.2402523220427746,0.41533879873396096,3,Alpenschillling
Green Protocol,PoS,9803691.3618195,21000000.0,-0.325711393082558,1.6272867158367452,-0.02905378301750382,0,Bitcoin Green
PoS,PoS,21876586.8530324,88000000.0,-0.3259079290112831,1.6077132715760245,-0.1065743323444048,0,Deviant Coin
Scrypt,PoW/PoS,9880502.37178894,30000000.0,-0.34518123658296934,1.0007199803098907,-0.5565197340864725,0,Abjcoin
Semux BFT consensus,DPoS,1231147.0,100000000.0,3.8751213590181544,1.8255223374950043,0.2795719627071232,0,Semux
X11,PoW,31801461.1867843,100000000.0,-0.22269825617844857,-0.8594066022492399,0.06349466190645832,3,FuturoCoin
Quark,PoW/PoS,139739596.506702,200000000.0,-0.3959203448693149,1.753082553356317,-0.4144794505068672,0,Carebit
PoS,PoS,11075254.0929996,80000000.0,-0.3260967297042804,1.6077120700355472,-0.10657104541348336,0,Zealium
CryptoNight,PoW,16016864.0,18400000.0,0.3133385489588277,-2.2902977392688326,0.3860137210729546,3,Monero Classic
X16R,PoS,4403800.0,45000000.0,-0.2956886946784471,0.7368223176497061,-0.04172630336411854,0,Proton
Scrypt,PoW/PoS,1404157529.46026,5121951220.0,-0.2919890440021182,0.9990220073529389,-0.5572588241138429,0,iDealCash
NIST5,PoW,21069346.2522598,21000000.0,-0.18430608612049795,-0.6109060884884441,0.00517058815070771,3,Jumpcoin
Lyra2RE,PoW,5097689.71077377,26280000.0,-0.14378284945136519,-2.1459073954234915,0.39649231442153376,3,Infinex
XEVAN,PoS/PoW,10904963.0923455,21000000.0,-0.161717158797428,1.282878552985577,-0.24301903713041725,0,Bitcoin Incognito
Tribus,PoW,795447.0,18000000.0,-0.13587147588532178,-2.1462339445710024,0.3903134552300214,3,KEYCO
Scrypt,PoS,38706809.466535,26000000.0,-0.28861971170126344,0.7928406820613128,-0.2931727388835406,0,HollyWoodCoin
Lyra2Z,PoW,6986399.70430446,10500000.0,-0.15745096206496004,-2.2401293106161018,0.4153662745088829,3,GINcoin
CryptoNight,PoW,84300.0,600000518.0,0.3172732318573993,-2.2905704007032357,0.3859725507542777,3,PlatinCoin
CryptoNight Heavy,PoW,19153632.0,150000000.0,0.5915785372591337,-2.266546966775026,0.3159915504076256,3,Loki
CryptoNight,PoW,41294520017.0,184000000000.0,2.124070467684808,-2.355737393527075,0.36155537745494454,3,Newton Coin
Scrypt,PoW/PoS,10200000000.0,10200000000.0,-0.14844292358056294,1.0006562623996027,-0.5598240600737097,0,Swisscoin
Scrypt,PoS,7630000.0154,44000000.0,-0.288871692595288,0.7928185006998433,-0.2931664628677382,0,Xt3ch
Jump Consistent Hash,PoW,135862416.039898,168000000.0,-0.13152213762865342,-2.1893888050785018,0.4035430714394416,3,MassGrid
SHA-256D,PoW/PoS,33238183.7225834,100000000.0,-0.3497879797256334,1.9470667638488113,-0.6258140773040048,0,TheVig
CryptoNight,PoW,560085952.404637,1000000000.0,0.32695688353528124,-2.2905013656762896,0.3858032828924253,3,PluraCoin
Scrypt,PoW/PoS,21599339.6728,84000000.0,-0.3446546211660414,1.000700595008862,-0.556526814858846,0,EmaratCoin
X15,PoS,30284196.369129,90000000.0,-0.19350475989255575,1.7029584209771969,-0.3199088561800339,0,Dekado
Scrypt,HPoW,77872059787.8998,92000000000.0,2.231265898289289,0.21373699537850518,-0.5517831438634441,0,Lynx
Quark,PoS,2716264.95302831,650000000.0,-0.33816220486852966,1.544921478648717,-0.1511267200789194,0,Poseidon Quark
SHA-256,PoS,57811001.000889,100262205.0,-0.258419939446948,0.6550242737853916,-0.027656182462427122,0,BitcoinWSpectrum
DPoS,PoS,18194936.0,18081806.0,1.020664070329009,1.6928831461295621,-0.009132072064812912,0,Muse
X16R,PoW,8125865.02097646,22075700.0,-0.1782437148171885,-1.2196148729053595,0.19555549651481402,3,Motion
HMQ1725,PoW,8645406.16776286,21000000.0,-0.15137747235121696,-2.193634722899589,0.3699042883154528,3,PlusOneCoin
X11,PoW,4993030.69736615,21000000.0,-0.2235867788102385,-0.8593825848669976,0.06350740661611369,3,Axe
X16R,PoW/PoS,36923120.6205934,82546564.0,-0.3512623481918517,0.9447138673627465,-0.3050910445221233,0,Trivechain
Quark,PoS,7082392.24744494,21000000.0,-0.3425747767511014,1.5452105807113254,-0.15107901848649846,0,Dystem
Quark,PoW/PoS,5919489.76813523,5151000.0,-0.39893916307099136,1.7531113705867625,-0.4144313036467143,0,Giant
Scrypt,PoS,1042012.45227735,16880000000.0,-0.16941582096476637,0.7851298622246292,-0.29447048188994546,0,Peony Coin
Lyra2REv2,PoW/PoS,13332617.9413708,52500000.0,-0.3607987545291013,0.8713079469334202,-0.3671004035194519,0,Absolute Coin
Quark,PoS,66053877.6256106,100000000.0,-0.3412931976621848,1.5452010157459615,-0.15109970328784952,0,Vitae
Scrypt,PoW,1416663.06600024,22105263.0,-0.17154082079203714,-1.163623624310296,-0.05588229008007783,3,HexCoin
Scrypt,PoW/PoS,5403802.49590733,1000000000.0,-0.3383489001460791,1.0002751611669696,-0.5565938532072701,0,TPCash
CryptoNight-V7,PoW,15580199.3087496,1750000000.0,-0.13948849783453415,-2.225154195005993,0.4192970628878905,3,Webchain
Cryptonight-GPU,PoW,4890897.0,88188888.0,-0.14221164420820379,-2.2335461528756975,0.38037496019679873,3,Ryo
XEVAN,PoW,14746153.0962884,210000000.0,-0.08087811682031738,-0.61630394014522,0.03567943082334231,3,Urals Coin
CryptoNight Heavy,PoW,99553110528.8022,184470000000.0,3.1166380932043665,-2.305964107268796,0.27712544274564116,3,Qwertycoin
X11,PoS,19269509.94,55000000.0,-0.34073316508704293,1.0970576372188146,-0.1737796954919905,0,ARENON
X11,PoW/PoS,30771125.9760867,50000000.0,-0.39686575316567807,1.3049591652782708,-0.43713594848994936,0,EUNO
Scrypt,PoS,107763867.917675,260000000.0,-0.28611437220959174,0.7927648911252719,-0.293207933884987,0,MMOCoin
PoS,PoS,9327131.59708692,210000000.0,-0.32519508702538513,1.6076519391784327,-0.10658069545957403,0,Ketan
SHA-256,PoW,2100000000.0,2100000000.0,-0.10170238242656997,-1.3014202854915342,0.20896552211085576,3,Project Pai
Keccak,PoW/PoS,4672513.84432375,366000000.0,-0.3552912338314737,0.9623935117504722,-0.39044990493525966,0,XDNA
X11,PoS,4504639.0,100000000.0,-0.34059410070418294,1.0970304600297847,-0.1737795402754121,0,PAXEX
X11,PoW,5015881.37315389,25000000.0,-0.2235580993722511,-0.8593844006095788,0.06350709077173784,3,Azart
Scrypt,PoW/PoS,1059954080.43439,18000000000.0,-0.20476072190585845,0.992988477030878,-0.5581725537106231,0,ThunderStake
SHA-512,Zero-Knowledge Proof,1000000000.0,1000000000.0,-0.6805789326415893,0.8069960839024517,-0.4272814950881376,0,Kcash
X16R,PoW,9753753.61515394,100000000.0,-0.17767055465933806,-1.219649714063648,0.1955490515456369,3,Xchange
ECC 256K1,DPOS,1000000000.0,1000000000.0,-0.4954160844283587,1.6031546650421882,4.262325191020962,0,Acute Angle Cloud
Equihash,PoW,4235111504.0,7600000000.0,-0.031874251685653,-2.124971310863384,0.3521259000127052,3,CrypticCoin
XEVAN,PoS,6787405.18013774,50000000.0,-0.19967364312191435,1.3402148520861135,-0.20158713721869093,0,Bettex coin
Lyra2Z,PoW,13634850.0,84000000.0,-0.1568478596437077,-2.240159876088523,0.41535893322193684,3,Actinium
SHA-256,PoW,17992514.6469233,21000000.0,-0.14190705925511582,-1.3014067632448125,0.20964073532020647,3,Bitcoin SV
XEVAN,Pos,208515864.367343,70000000000.0,0.7124915502327027,1.2724622214966315,-0.27799234399373435,0,BitMoney
X11,PoS,17209923728.3266,0.0,-0.13104108480951043,1.1048073376308283,-0.17801928611473708,0,Junson Ming Chan Coin
CryptoNight,PoW,1867054873.28397,8080000000.0,0.39319734475726126,-2.293146119874289,0.3849315718240899,3,FREDEnergy
Quark,PoW/PoS,35312185.7437239,54000000.0,-0.3982331322924917,1.7531022784506605,-0.41444234809945346,0,HerbCoin
Blake,PoW,1578281.31341127,105120001.44,-0.13654019556920172,-2.1908181680950403,0.3492632547533141,3,Universal Molecule
Blake,PoW,15846721.2482747,25228800.0,-0.1369330558585575,-2.1907752860514784,0.34926592793148525,3,Lithium
Equihash,PoS,13475920.0,105000000.0,-0.25424288409956525,-0.16699748078209184,0.11646839732755643,3,PirateCash
Exosis,PoW,406091.925,21000000.0,-0.14962583366811472,-2.1131458041314346,0.4703122564113162,3,Exosis
Scrypt,PoW,35284717.173946,120000000.0,-0.17043187079787925,-1.1636530949590582,-0.055898242900766136,3,Block-Logic
Scrypt,PoW/PoS,14777549.3940764,21000000.0,-0.34518529144329296,1.0007262893136917,-0.5565202450629482,0,Oduwa
Equihash,PoW,35687520.0,262800000.0,-0.13528879744483055,-2.1235088642115403,0.35373161738051023,3,Beam
Quark,PoW/PoS,18265011.2486006,19035999.0,-0.39868970747693866,1.7531105794884685,-0.4144354281778504,0,Galilel
Equihash,PoW,25150787.5,30886000.0,-0.1370641643227229,-2.123407729525821,0.3537522037011328,3,Bithereum
Quark,PoS,1934701.67524713,13370000.0,-0.34269185871358804,1.5452117507198821,-0.15107715596373048,0,Crypto Sports
Scrypt,PoW/PoS,30825710000.0296,74800000000.0,0.5622815958179486,0.9804343224517991,-0.5699257102110157,0,Credit
QuBit,PoW,12925790.4226959,100000000.0,-0.1775671511945956,-1.491828637771523,0.2568991156406818,3,SLICE
X11,PoS,715659.44237941,19700000.0,-0.34121053858157174,1.0970654146186147,-0.17377237756036673,0,Dash Platinum
Scrypt,PoW/PoS,20546528.2059957,84000000.0,-0.3446674873053617,1.0007001219297262,-0.5565265549513339,0,Nasdacoin
XEVAN,PoW/PoS,198938144.363399,500000000.0,-0.2503680434023425,1.547989845844102,-0.46502327267383287,0,Beetle Coin
SHA-256D,PoW/PoS,896361168.0,5000000000.0,-0.3044497472530101,1.9452177439143208,-0.6264071553881677,0,Titan Coin
X11,PoW/PoS,15420234.5389336,420000000.0,-0.394426335298641,1.3047833614091529,-0.43716085261502186,0,Award
SHA-256,PoW,52293836.6277958,64000000.0,-0.14118256958684475,-1.3014109796138835,0.20962893266989335,3,BLAST
X13,PoW,1170292.5,2100000.0,-0.10282309003489365,-0.34290152404985397,-0.0266933417195026,3,Bitcoin Rhodium
SHA-256,PoW,84613099.9999955,168000000.0,-0.1400491993168537,-1.301443933277846,0.20961288873101716,3,GlobalToken
X11,PoW/PoS,23775960.3207514,30000000.0,-0.39709324022240516,1.3049651520643324,-0.43713267057761207,0,Insane Coin
DPoS,DPoS,1000000000.0,1000000000.0,3.7253731600950393,1.8744616662733546,0.1253956075132276,0,ALAX
Scrypt,PoW/PoS,15318887081.0146,35000000000.0,0.09019483606438544,0.991635160990357,-0.5630110194933057,0,LiteDoge
Scrypt,PoW,55565076.3863525,98100000000.0,0.5254785197454759,-1.2083721090883153,-0.06350167764996699,3,SolarCoin
X11,PoW/PoS,242574105.22384,0.0,-0.3946323655187553,1.305077163736832,-0.4371843587400893,0,TruckCoin
NeoScrypt,PoW,3824685012.0,4000000000.0,-0.10344455848293681,-1.5908572300238764,0.21420313229598492,3,UFO Coin
Scrypt,PoW/PoS,3537150.0,200000000.0,-0.344051749174286,1.0006395244886865,-0.5565313517407089,0,OrangeCoin
Blake,PoW,23356790.1494191,7000000000.0,-0.08732007785295326,-2.193955912767046,0.3487231747811154,3,BlakeCoin
Scrypt,PoW/PoS,20576532.0,54256119.0,-0.34487830357286475,1.0007137135716,-0.5565242556963732,0,BitstarCoin
SHA-256,PoS,4392258.24647793,21000000.0,-0.25963552155794223,0.6550364535639748,-0.027636848132150713,0,NeosCoin
Scrypt,PoW/PoS,9631199.99309942,0.0,-0.3453972846364733,1.0007335633649816,-0.5565173460169764,0,HyperCoin
X11,PoW/PoS,436353624.490312,500000000.0,-0.3887142124226832,1.3049359869396295,-0.437270972483829,0,PinkCoin
Scrypt,PoW,780210700.0,1000000000.0,-0.1550802802698949,-1.1637200859781442,-0.056150387450363465,3,Crypto Escudo
Scrypt,PoW/PoS,980732528.97974,10500000000.0,-0.2589792164428285,0.9963766486326084,-0.557571365232602,0,AudioCoin
SHA-256,PoW/PoS,17939725045.334,190000000.0,-0.09549015094746857,0.8709125948166591,-0.2954314502441763,0,IncaKoin
X11,PoW/PoS,494240666.028571,1000000000.0,-0.38445676649608906,1.3047337470765714,-0.43732403845862505,0,Piggy Coin
SHA-256,PoW,22986929.0854247,42000000.0,-0.1416969228202026,-1.3014141055678332,0.20963787378241075,3,Crown Coin
Scrypt,PoW/PoS,60000000.0,15000000.0,-0.3446752397340956,1.0007493489647314,-0.5565309438221425,0,Genstake
Scrypt,PoW,29583989322.9213,50000000000.0,0.5448255970906238,-1.1731457830397867,-0.06706116436529234,3,SmileyCoin
Scrypt,PoW/PoS,404316475.545465,400000000.0,-0.3377339183862454,1.0007283135079525,-0.5566458022736028,0,XiaoMiCoin
Groestl,PoW,73298203.8873662,105000000.0,-0.19961530530280705,-1.1961421380812955,0.1544483743144801,3,Groestlcoin
X11,PoW/PoS,201364327.427503,208000000.0,-0.393659170001769,1.3049636936438525,-0.4371903158523783,0,CapriCoin
Scrypt,PoW/PoS,103621876.167052,160000000.0,-0.34311264122389906,1.0007027575040388,-0.55655295761957,0, ClubCoin
PoS,PoS,3821245.74150193,9000000.0,-0.3266894823793731,1.6077412221448724,-0.10656374850947077,0,Radium
Scrypt,PoW,5052555.91981545,5000000.0,-0.17161783563813204,-1.1636141819302617,-0.05588186114579696,3,Bata
Scrypt,PoW,69684455.4387001,182000000.0,-0.1695712775271868,-1.1636659406547822,-0.05591154331244806,3,Pakcoin
X11,Proof of Trust,16901016.6609755,16504333.0,-0.38516990995393113,0.9118637964446207,-0.23277414516826936,0,Creditbit 
SHA-256,PoW/PoS,74676064.9488608,105000000.0,-0.31441784340553136,0.8629237665725564,-0.29101451470836187,0,OKCash
DPoS,DPoS,120012140.0,159918400.0,3.7086544354477566,1.874449744601268,0.12567799907729094,0,Lisk
Scrypt,PoS,10000244677.7002,10008835635.0,-0.09600371193602311,0.7927596923879465,-0.2964061201880822,0,HiCoin
Scrypt,PoW/PoS,252005564.19257,300000000.0,-0.3403052756716987,1.0007055231077844,-0.5566004462060307,0,WhiteCoin
NeoScrypt,PoW/PoS,1120385.00502,60168145.0,-0.3519442549190306,0.5735666063280027,-0.2851821496554962,0,FriendshipCoin
Multiple,PoW,3332922.5,2800000.0,-0.11310671613944227,-1.8191581910619188,0.3291377204389829,3,JoinCoin
X13,PoW/PoS,140777.753365,120000.0,-0.27664963276574783,1.8214423225903387,-0.5273276763082438,0,Triangles Coin
Equihash+Scrypt,PoW,100000000.0,2100000000.0,-0.1159950849415835,-2.2596702945755793,0.31593289407315944,3,Vollar
DPoS,DPoS,1020544523.0722,0.0,3.7185241830176285,1.8749274005454466,0.12546808649557667,0,EOS
Ethash,PoW,24487944.0958204,24487944.0,-0.14871329055439683,-1.9976714292819975,0.34230113984267874,3,Reality Clash
DPoS,DPoS,1122382283.37,0.0,3.7197687162064956,1.874973161178909,0.12544294581296114,0,Oxycoin
SHA-256,PoS,1000000000.0,1000000000.0,-0.24051750885461565,0.6550369122294993,-0.027958556004561978,0,TigerCash
Leased POS,LPoS,100000000.0,100000000.0,-0.32839050519931723,3.673823704857159,14.694396294152881,1,Waves
PoS,PoS,9283137.5558676,8634140.0,-0.3266253316212388,1.6077438434532063,-0.10656506851368179,0,Particl
TRC10,DPoS,989988713439.649,990000000000.0,34.07493679977871,1.9146758251619935,-0.4585872243049759,2,BitTorrent
PoS,PoS/LPoS,1000000000.0,1000000000.0,-0.3122721499688065,1.811407416222261,-0.030306535649652234,0,Nxt
SHA-256,DPoS,1999999995.3056,2000000000.0,2.464542318169529,0.8366153538444726,0.10656322953307112,0,ZEPHYR
Scrypt,PoW/PoS,14931046.1546605,250000000.0,-0.34355750496562365,1.0006218191863727,-0.5565380420916478,0,Gapcoin
CryptoNight,PoW,980222595.0,1400222610.0,0.3349328649656124,-2.290495280624607,0.3856685261945493,3,Beldex
Equihash,PoW,7296537.5,21000000.0,-0.13735254759869323,-2.1234112393193456,0.3537573780461912,3,Horizen
Scrypt,PoS,128326.99633965,1000000.0,-0.2892686706167454,0.7928347594479834,-0.2931612762453775,0,BitcoinPlus
